,name,mae,smape,mase_1,mase_p,period,rmse,ll,crps,fcast_len,train_len,score,score_name,folder,idx,train_waic
0,SVGP 100 WAIC 1,0.22614812850952148,0.42069143056869507,1.1385520696640015,0.24176934361457825,366,0.28683146834373474,-566.001671435522,0.17281152307987213,1732,12128,-0.7902151942253113,waic,calls,6,-0.7901588678359985
1,PROPHET,0.1818680614233017,0.3509066104888916,0.9156222343444824,0.1944306194782257,366,0.2260376363992691,53.79805395811177,0.12928852438926697,1732,12128,,,calls,6,
2,PROPHETDEF,0.19959203898906708,0.3667297959327698,1.0048543214797974,0.2133788764476776,366,0.2461036592721939,-179.7419400815642,0.1442641317844391,1732,12128,,,calls,6,
3,stfl,0.2419472336769104,0.41443249583244324,1.2180932760238647,0.2586597800254822,366,0.3110525906085968,-1377.2431566861892,0.2479439079761505,1732,12128,,,calls,6,
4,tbats,0.22157086431980133,0.4083852171897888,1.1155076026916504,0.23687589168548584,366,0.283193975687027,-1813.002131728321,0.30209654569625854,1732,12128,,,calls,6,
