,name,mae,smape,mase_1,mase_p,period,rmse,ll,crps,fcast_len,train_len,score,score_name,folder,idx,train_waic
0,SVGP 100 WAIC 1,0.16832667589187622,0.3254186511039734,0.924042284488678,0.1728624403476715,366,0.21164590120315552,209.40135057399652,0.11936211585998535,1732,1736,0.021480858325958252,waic,calls,0,0.021339528262615204
1,PROPHET,0.1831573098897934,0.3461315929889679,1.0054562091827393,0.18809270858764648,366,0.2309548407793045,92.75499199290275,0.12930531799793243,1732,1736,,,calls,0,
2,PROPHETDEF,0.3235454857349396,0.570987343788147,1.7761279344558716,0.3322637975215912,366,0.3917822539806366,-810.8639090827979,0.22291254997253418,1732,1736,,,calls,0,
3,stfl,0.22702260315418243,0.4345755875110626,1.2462581396102905,0.2331400066614151,366,0.2764478623867035,-474.70283745187896,0.16338221728801727,1732,1736,,,calls,0,
4,tbats,0.20826391875743866,0.37954846024513245,1.1432808637619019,0.21387584507465363,366,0.26151371002197266,-1362.358128178045,0.23851151764392853,1732,1736,,,calls,0,
