,name,mae,smape,mase_1,mase_p,period,rmse,ll,crps,fcast_len,train_len,score,score_name,folder,idx
0,SGPR 100 WAIC 5,0.618594229221344,0.6942947506904602,1.2480958700180054,0.7035804986953735,366,0.7972992062568665,-1094.224871395976,0.451070100069046,822,822,-0.6212137341499329,waic,electricity,15
1,tbats,0.763663649559021,0.9471046328544616,1.54079270362854,0.8685804605484009,366,1.0153512954711914,-1252.4874326515705,0.5600669980049133,822,822,,,electricity,15
2,stfl,0.696537971496582,0.9031611084938048,1.4053577184677124,0.7922326326370239,366,0.8763405680656433,-1358.2840141403012,0.5988375544548035,822,822,,,electricity,15
0,SGPR 100 WAIC 5,0.6083160042762756,0.8333385586738586,1.2273582220077515,0.6918901801109314,366,0.7512506246566772,-954.3325929058643,0.4241846799850464,822,822,-0.6144682765007019,waic,electricity,15
1,tbats,0.763663649559021,0.9471046328544617,1.54079270362854,0.8685804605484009,366,1.0153512954711914,-1252.4874326515705,0.5600669980049133,822,822,,,electricity,15
2,stfl,0.696537971496582,0.9031611084938049,1.4053577184677124,0.7922326326370239,366,0.8763405680656433,-1358.2840141403012,0.5988375544548035,822,822,,,electricity,15
